Dispatch_ID,GPU_ID,Queue_ID,PID,TID,Grid_Size,Workgroup_Size,LDS_Per_Workgroup,Scratch_Per_Workitem,Arch_VGPR,Accum_VGPR,SGPR,Wave_Size,Kernel_Name,Start_Timestamp,End_Timestamp,Correlation_ID,TCC_HIT_sum,TCC_MISS_sum,TCC_READ_sum,TCC_WRITE_sum,TCP_TOTAL_READ_sum,TCP_TOTAL_WRITE_sum

0,8,1,43717,43717,16384,256,0,0,8,0,16,64,"bitonic_sort_kernel(unsigned int*, unsigned int, unsigned int, bool) (.kd)",213848528355373,213848528359218,0,4718.000000,1128.000000,1750.000000,4096.000000,32768.000000,32768.000000
1,8,1,43717,43717,16384,256,0,0,8,0,16,64,"bitonic_sort_kernel(unsigned int*, unsigned int, unsigned int, bool) (.kd)",213848528948293,213848528950937,0,4746.000000,1104.000000,1754.000000,4096.000000,32768.000000,32768.000000
2,8,1,43717,43717,16384,256,0,0,8,0,16,64,"bitonic_sort_kernel(unsigned int*, unsigned int, unsigned int, bool) (.kd)",213848529194339,213848529196983,0,4746.000000,1088.000000,1738.000000,4096.000000,32768.000000,32768.000000
3,8,1,43717,43717,16384,256,0,0,8,0,16,64,"bitonic_sort_kernel(unsigned int*, unsigned int, unsigned int, bool) (.kd)",213848529541375,213848529543938,0,4746.000000,1088.000000,1738.000000,4096.000000,8192.000000,8192.000000
4,8,1,43717,43717,16384,256,0,0,8,0,16,64,"bitonic_sort_kernel(unsigned int*, unsigned int, unsigned int, bool) (.kd)",213848529890894,213848529893298,0,4690.000000,1088.000000,1682.000000,4096.000000,32768.000000,32768.000000
5,8,1,43717,43717,16384,256,0,0,8,0,16,64,"bitonic_sort_kernel(unsigned int*, unsigned int, unsigned int, bool) (.kd)",213848530229718,213848530232161,0,4718.000000,1088.000000,1710.000000,4096.000000,32768.000000,32768.000000
6,8,1,43717,43717,16384,256,0,0,8,0,16,64,"bitonic_sort_kernel(unsigned int*, unsigned int, unsigned int, bool) (.kd)",213848530569663,213848530572187,0,4676.000000,1088.000000,1668.000000,4096.000000,8192.000000,8192.000000
7,8,1,43717,43717,16384,256,0,0,8,0,16,64,"bitonic_sort_kernel(unsigned int*, unsigned int, unsigned int, bool) (.kd)",213848530895067,213848530897550,0,4676.000000,1088.000000,1668.000000,4096.000000,8192.000000,8192.000000
8,8,1,43717,43717,16384,256,0,0,8,0,16,64,"bitonic_sort_kernel(unsigned int*, unsigned int, unsigned int, bool) (.kd)",213848531240540,213848531243104,0,4732.000000,1088.000000,1724.000000,4096.000000,32768.000000,32768.000000
9,8,1,43717,43717,16384,256,0,0,8,0,16,64,"bitonic_sort_kernel(unsigned int*, unsigned int, unsigned int, bool) (.kd)",213848531596830,213848531599113,0,4718.000000,1088.000000,1710.000000,4096.000000,32768.000000,32768.000000
10,8,1,43717,43717,16384,256,0,0,8,0,16,64,"bitonic_sort_kernel(unsigned int*, unsigned int, unsigned int, bool) (.kd)",213848531932769,213848531935013,0,2698.000000,1088.000000,1738.000000,2048.000000,8192.000000,8192.000000
11,8,1,43717,43717,16384,256,0,0,8,0,16,64,"bitonic_sort_kernel(unsigned int*, unsigned int, unsigned int, bool) (.kd)",213848532262019,213848532264262,0,4746.000000,1088.000000,1738.000000,4096.000000,8192.000000,8192.000000
12,8,1,43717,43717,16384,256,0,0,8,0,16,64,"bitonic_sort_kernel(unsigned int*, unsigned int, unsigned int, bool) (.kd)",213848532629485,213848532631608,0,4746.000000,1088.000000,1738.000000,4096.000000,8192.000000,8192.000000
13,8,1,43717,43717,16384,256,0,0,8,0,16,64,"bitonic_sort_kernel(unsigned int*, unsigned int, unsigned int, bool) (.kd)",213848532952605,213848532954808,0,4690.000000,1088.000000,1682.000000,4096.000000,32768.000000,32768.000000
14,8,1,43717,43717,16384,256,0,0,8,0,16,64,"bitonic_sort_kernel(unsigned int*, unsigned int, unsigned int, bool) (.kd)",213848533293912,213848533296036,0,4718.000000,1088.000000,1710.000000,4096.000000,32768.000000,32768.000000
15,8,1,43717,43717,16384,256,0,0,8,0,16,64,"bitonic_sort_kernel(unsigned int*, unsigned int, unsigned int, bool) (.kd)",213848533622801,213848533624844,0,2628.000000,1088.000000,1668.000000,2048.000000,8192.000000,8192.000000
16,8,1,43717,43717,16384,256,0,0,8,0,16,64,"bitonic_sort_kernel(unsigned int*, unsigned int, unsigned int, bool) (.kd)",213848533957339,213848533959462,0,2628.000000,1088.000000,1668.000000,2048.000000,8192.000000,8192.000000
17,8,1,43717,43717,16384,256,0,0,8,0,16,64,"bitonic_sort_kernel(unsigned int*, unsigned int, unsigned int, bool) (.kd)",213848534276413,213848534278576,0,4732.000000,1088.000000,1724.000000,4096.000000,8192.000000,8192.000000
18,8,1,43717,43717,16384,256,0,0,8,0,16,64,"bitonic_sort_kernel(unsigned int*, unsigned int, unsigned int, bool) (.kd)",213848534608386,213848534610509,0,4718.000000,1088.000000,1710.000000,4096.000000,8192.000000,8192.000000
19,8,1,43717,43717,16384,256,0,0,8,0,16,64,"bitonic_sort_kernel(unsigned int*, unsigned int, unsigned int, bool) (.kd)",213848534928222,213848534930425,0,4746.000000,1088.000000,1738.000000,4096.000000,32768.000000,32768.000000
20,8,1,43717,43717,16384,256,0,0,8,0,16,64,"bitonic_sort_kernel(unsigned int*, unsigned int, unsigned int, bool) (.kd)",213848535268608,213848535270731,0,4746.000000,1088.000000,1738.000000,4096.000000,32768.000000,32768.000000
21,8,1,43717,43717,16384,256,0,0,8,0,16,64,"bitonic_sort_kernel(unsigned int*, unsigned int, unsigned int, bool) (.kd)",213848535594091,213848535596255,0,2698.000000,1088.000000,1738.000000,2048.000000,8192.000000,8192.000000
22,8,1,43717,43717,16384,256,0,0,8,0,16,64,"bitonic_sort_kernel(unsigned int*, unsigned int, unsigned int, bool) (.kd)",213848535930471,213848535932474,0,2642.000000,1088.000000,1682.000000,2048.000000,8192.000000,8192.000000
23,8,1,43717,43717,16384,256,0,0,8,0,16,64,"bitonic_sort_kernel(unsigned int*, unsigned int, unsigned int, bool) (.kd)",213848536248544,213848536250587,0,2670.000000,1088.000000,1710.000000,2048.000000,8192.000000,8192.000000
24,8,1,43717,43717,16384,256,0,0,8,0,16,64,"bitonic_sort_kernel(unsigned int*, unsigned int, unsigned int, bool) (.kd)",213848536589651,213848536591614,0,4676.000000,1088.000000,1668.000000,4096.000000,8192.000000,8192.000000
25,8,1,43717,43717,16384,256,0,0,8,0,16,64,"bitonic_sort_kernel(unsigned int*, unsigned int, unsigned int, bool) (.kd)",213848536913212,213848536915175,0,4676.000000,1088.000000,1668.000000,4096.000000,8192.000000,8192.000000
26,8,1,43717,43717,16384,256,0,0,8,0,16,64,"bitonic_sort_kernel(unsigned int*, unsigned int, unsigned int, bool) (.kd)",213848537252276,213848537254279,0,4732.000000,1088.000000,1724.000000,4096.000000,32768.000000,32768.000000
27,8,1,43717,43717,16384,256,0,0,8,0,16,64,"bitonic_sort_kernel(unsigned int*, unsigned int, unsigned int, bool) (.kd)",213848537573033,213848537575116,0,4718.000000,1088.000000,1710.000000,4096.000000,32768.000000,32768.000000
28,8,1,43717,43717,16384,256,0,0,8,0,16,64,"bitonic_sort_kernel(unsigned int*, unsigned int, unsigned int, bool) (.kd)",213848537905487,213848537907530,0,2698.000000,1088.000000,1738.000000,2048.000000,8192.000000,8192.000000
29,8,1,43717,43717,16384,256,0,0,8,0,16,64,"bitonic_sort_kernel(unsigned int*, unsigned int, unsigned int, bool) (.kd)",213848538231131,213848538233214,0,2698.000000,1088.000000,1738.000000,2048.000000,8192.000000,8192.000000
30,8,1,43717,43717,16384,256,0,0,8,0,16,64,"bitonic_sort_kernel(unsigned int*, unsigned int, unsigned int, bool) (.kd)",213848538565709,213848538567712,0,2698.000000,1088.000000,1738.000000,2048.000000,8192.000000,8192.000000
31,8,1,43717,43717,16384,256,0,0,8,0,16,64,"bitonic_sort_kernel(unsigned int*, unsigned int, unsigned int, bool) (.kd)",213848538887948,213848538889910,0,2642.000000,1088.000000,1682.000000,2048.000000,8192.000000,8192.000000
32,8,1,43717,43717,16384,256,0,0,8,0,16,64,"bitonic_sort_kernel(unsigned int*, unsigned int, unsigned int, bool) (.kd)",213848539225449,213848539227492,0,4718.000000,1088.000000,1710.000000,4096.000000,8192.000000,8192.000000
33,8,1,43717,43717,16384,256,0,0,8,0,16,64,"bitonic_sort_kernel(unsigned int*, unsigned int, unsigned int, bool) (.kd)",213848539546206,213848539548169,0,4676.000000,1088.000000,1668.000000,4096.000000,8192.000000,8192.000000
34,8,1,43717,43717,16384,256,0,0,8,0,16,64,"bitonic_sort_kernel(unsigned int*, unsigned int, unsigned int, bool) (.kd)",213848539889636,213848539891639,0,4676.000000,1088.000000,1668.000000,4096.000000,32768.000000,32768.000000
35,8,1,43717,43717,16384,256,0,0,8,0,16,64,"bitonic_sort_kernel(unsigned int*, unsigned int, unsigned int, bool) (.kd)",213848540219887,213848540221850,0,4732.000000,1088.000000,1724.000000,4096.000000,32768.000000,32768.000000
36,8,1,43717,43717,16384,256,0,0,8,0,16,64,"bitonic_sort_kernel(unsigned int*, unsigned int, unsigned int, bool) (.kd)",213848540555386,213848540557389,0,2670.000000,1088.000000,1710.000000,2048.000000,8192.000000,8192.000000
37,8,1,43717,43717,16384,256,0,0,8,0,16,64,"bitonic_sort_kernel(unsigned int*, unsigned int, unsigned int, bool) (.kd)",213848540877625,213848540879508,0,2698.000000,1088.000000,1738.000000,2048.000000,8192.000000,8192.000000
38,8,1,43717,43717,16384,256,0,0,8,0,16,64,"bitonic_sort_kernel(unsigned int*, unsigned int, unsigned int, bool) (.kd)",213848541219573,213848541221576,0,2698.000000,1088.000000,1738.000000,2048.000000,8192.000000,8192.000000
39,8,1,43717,43717,16384,256,0,0,8,0,16,64,"bitonic_sort_kernel(unsigned int*, unsigned int, unsigned int, bool) (.kd)",213848541541251,213848541543294,0,2698.000000,1088.000000,1738.000000,2048.000000,8192.000000,8192.000000
40,8,1,43717,43717,16384,256,0,0,8,0,16,64,"bitonic_sort_kernel(unsigned int*, unsigned int, unsigned int, bool) (.kd)",213848541871342,213848541873345,0,2642.000000,1088.000000,1682.000000,2048.000000,8192.000000,8192.000000
41,8,1,43717,43717,16384,256,0,0,8,0,16,64,"bitonic_sort_kernel(unsigned int*, unsigned int, unsigned int, bool) (.kd)",213848542190777,213848542192780,0,4718.000000,1088.000000,1710.000000,4096.000000,8192.000000,8192.000000
42,8,1,43717,43717,16384,256,0,0,8,0,16,64,"bitonic_sort_kernel(unsigned int*, unsigned int, unsigned int, bool) (.kd)",213848542524753,213848542526756,0,4676.000000,1088.000000,1668.000000,4096.000000,8192.000000,8192.000000
43,8,1,43717,43717,16384,256,0,0,8,0,16,64,"bitonic_sort_kernel(unsigned int*, unsigned int, unsigned int, bool) (.kd)",213848542853161,213848542855205,0,4676.000000,1088.000000,1668.000000,4096.000000,32768.000000,32768.000000
44,8,1,43717,43717,16384,256,0,0,8,0,16,64,"bitonic_sort_kernel(unsigned int*, unsigned int, unsigned int, bool) (.kd)",213848543195631,213848543197674,0,4732.000000,1088.000000,1724.000000,4096.000000,32768.000000,32768.000000
45,8,1,43717,43717,16384,256,0,0,8,0,16,64,"bitonic_sort_kernel(unsigned int*, unsigned int, unsigned int, bool) (.kd)",213848543520073,213848543522156,0,2670.000000,1088.000000,1710.000000,2048.000000,8192.000000,8192.000000
46,8,1,43717,43717,16384,256,0,0,8,0,16,64,"bitonic_sort_kernel(unsigned int*, unsigned int, unsigned int, bool) (.kd)",213848543856573,213848543858576,0,2698.000000,1088.000000,1738.000000,2048.000000,8192.000000,8192.000000
47,8,1,43717,43717,16384,256,0,0,8,0,16,64,"bitonic_sort_kernel(unsigned int*, unsigned int, unsigned int, bool) (.kd)",213848544177210,213848544179132,0,2698.000000,1088.000000,1738.000000,2048.000000,8192.000000,8192.000000
48,8,1,43717,43717,16384,256,0,0,8,0,16,64,"bitonic_sort_kernel(unsigned int*, unsigned int, unsigned int, bool) (.kd)",213848544512508,213848544514511,0,2698.000000,1088.000000,1738.000000,2048.000000,8192.000000,8192.000000
49,8,1,43717,43717,16384,256,0,0,8,0,16,64,"bitonic_sort_kernel(unsigned int*, unsigned int, unsigned int, bool) (.kd)",213848544831422,213848544833465,0,2642.000000,1088.000000,1682.000000,2048.000000,8192.000000,8192.000000
50,8,1,43717,43717,16384,256,0,0,8,0,16,64,"bitonic_sort_kernel(unsigned int*, unsigned int, unsigned int, bool) (.kd)",213848545168203,213848545170286,0,2670.000000,1088.000000,1710.000000,2048.000000,8192.000000,8192.000000
51,8,1,43717,43717,16384,256,0,0,8,0,16,64,"bitonic_sort_kernel(unsigned int*, unsigned int, unsigned int, bool) (.kd)",213848545491002,213848545493086,0,4676.000000,1088.000000,1668.000000,4096.000000,8192.000000,8192.000000
52,8,1,43717,43717,16384,256,0,0,8,0,16,64,"bitonic_sort_kernel(unsigned int*, unsigned int, unsigned int, bool) (.kd)",213848545830106,213848545832150,0,4676.000000,1088.000000,1668.000000,4096.000000,8192.000000,8192.000000
53,8,1,43717,43717,16384,256,0,0,8,0,16,64,"bitonic_sort_kernel(unsigned int*, unsigned int, unsigned int, bool) (.kd)",213848546155350,213848546157433,0,4732.000000,1088.000000,1724.000000,4096.000000,32768.000000,32768.000000
54,8,1,43717,43717,16384,256,0,0,8,0,16,64,"bitonic_sort_kernel(unsigned int*, unsigned int, unsigned int, bool) (.kd)",213848546489006,213848546491169,0,4718.000000,1088.000000,1710.000000,4096.000000,32768.000000,32768.000000
55,8,1,43717,43717,16384,256,0,0,8,0,16,64,"bitonic_sort_kernel(unsigned int*, unsigned int, unsigned int, bool) (.kd)",213848546813368,213848546815411,0,2698.000000,1088.000000,1738.000000,2048.000000,8192.000000,8192.000000
56,8,1,43717,43717,16384,256,0,0,8,0,16,64,"bitonic_sort_kernel(unsigned int*, unsigned int, unsigned int, bool) (.kd)",213848547148186,213848547150229,0,2698.000000,1088.000000,1738.000000,2048.000000,8192.000000,8192.000000
57,8,1,43717,43717,16384,256,0,0,8,0,16,64,"bitonic_sort_kernel(unsigned int*, unsigned int, unsigned int, bool) (.kd)",213848547472828,213848547474871,0,2698.000000,1088.000000,1738.000000,2048.000000,8192.000000,8192.000000
58,8,1,43717,43717,16384,256,0,0,8,0,16,64,"bitonic_sort_kernel(unsigned int*, unsigned int, unsigned int, bool) (.kd)",213848547814616,213848547816579,0,2642.000000,1088.000000,1682.000000,2048.000000,8192.000000,8192.000000
59,8,1,43717,43717,16384,256,0,0,8,0,16,64,"bitonic_sort_kernel(unsigned int*, unsigned int, unsigned int, bool) (.kd)",213848548134452,213848548136615,0,2670.000000,1088.000000,1710.000000,2048.000000,8192.000000,8192.000000
60,8,1,43717,43717,16384,256,0,0,8,0,16,64,"bitonic_sort_kernel(unsigned int*, unsigned int, unsigned int, bool) (.kd)",213848548469590,213848548471633,0,2628.000000,1088.000000,1668.000000,2048.000000,8192.000000,8192.000000
61,8,1,43717,43717,16384,256,0,0,8,0,16,64,"bitonic_sort_kernel(unsigned int*, unsigned int, unsigned int, bool) (.kd)",213848548788183,213848548790347,0,2628.000000,1088.000000,1668.000000,2048.000000,8192.000000,8192.000000
62,8,1,43717,43717,16384,256,0,0,8,0,16,64,"bitonic_sort_kernel(unsigned int*, unsigned int, unsigned int, bool) (.kd)",213848549117192,213848549119316,0,4732.000000,1088.000000,1724.000000,4096.000000,8192.000000,8192.000000
63,8,1,43717,43717,16384,256,0,0,8,0,16,64,"bitonic_sort_kernel(unsigned int*, unsigned int, unsigned int, bool) (.kd)",213848549430899,213848549432982,0,4718.000000,1088.000000,1710.000000,4096.000000,8192.000000,8192.000000
64,8,1,43717,43717,16384,256,0,0,8,0,16,64,"bitonic_sort_kernel(unsigned int*, unsigned int, unsigned int, bool) (.kd)",213848549769642,213848549771685,0,4746.000000,1088.000000,1738.000000,4096.000000,32768.000000,32768.000000
65,8,1,43717,43717,16384,256,0,0,8,0,16,64,"bitonic_sort_kernel(unsigned int*, unsigned int, unsigned int, bool) (.kd)",213848550096208,213848550098291,0,4746.000000,1088.000000,1738.000000,4096.000000,32768.000000,32768.000000
66,8,1,43717,43717,16384,256,0,0,8,0,16,64,"bitonic_sort_kernel(unsigned int*, unsigned int, unsigned int, bool) (.kd)",213848550433469,213848550435672,0,2698.000000,1088.000000,1738.000000,2048.000000,8192.000000,8192.000000
67,8,1,43717,43717,16384,256,0,0,8,0,16,64,"bitonic_sort_kernel(unsigned int*, unsigned int, unsigned int, bool) (.kd)",213848550753465,213848550755347,0,2642.000000,1088.000000,1682.000000,2048.000000,8192.000000,8192.000000
68,8,1,43717,43717,16384,256,0,0,8,0,16,64,"bitonic_sort_kernel(unsigned int*, unsigned int, unsigned int, bool) (.kd)",213848551086680,213848551088683,0,2670.000000,1088.000000,1710.000000,2048.000000,8192.000000,8192.000000
69,8,1,43717,43717,16384,256,0,0,8,0,16,64,"bitonic_sort_kernel(unsigned int*, unsigned int, unsigned int, bool) (.kd)",213848551414647,213848551416650,0,2628.000000,1088.000000,1668.000000,2048.000000,8192.000000,8192.000000
70,8,1,43717,43717,16384,256,0,0,8,0,16,64,"bitonic_sort_kernel(unsigned int*, unsigned int, unsigned int, bool) (.kd)",213848551755314,213848551757357,0,2628.000000,1088.000000,1668.000000,2048.000000,8192.000000,8192.000000
71,8,1,43717,43717,16384,256,0,0,8,0,16,64,"bitonic_sort_kernel(unsigned int*, unsigned int, unsigned int, bool) (.kd)",213848552081791,213848552083834,0,2684.000000,1088.000000,1724.000000,2048.000000,8192.000000,8192.000000
72,8,1,43717,43717,16384,256,0,0,8,0,16,64,"bitonic_sort_kernel(unsigned int*, unsigned int, unsigned int, bool) (.kd)",213848552419213,213848552421216,0,2670.000000,1088.000000,1710.000000,2048.000000,8192.000000,8192.000000
73,8,1,43717,43717,16384,256,0,0,8,0,16,64,"bitonic_sort_kernel(unsigned int*, unsigned int, unsigned int, bool) (.kd)",213848552740893,213848552743016,0,2698.000000,1088.000000,1738.000000,2048.000000,8192.000000,8192.000000
74,8,1,43717,43717,16384,256,0,0,8,0,16,64,"bitonic_sort_kernel(unsigned int*, unsigned int, unsigned int, bool) (.kd)",213848553080719,213848553082762,0,4746.000000,1088.000000,1738.000000,4096.000000,8192.000000,8192.000000
75,8,1,43717,43717,16384,256,0,0,8,0,16,64,"bitonic_sort_kernel(unsigned int*, unsigned int, unsigned int, bool) (.kd)",213848553403319,213848553405322,0,4746.000000,1088.000000,1738.000000,4096.000000,8192.000000,8192.000000
76,8,1,43717,43717,16384,256,0,0,8,0,16,64,"bitonic_sort_kernel(unsigned int*, unsigned int, unsigned int, bool) (.kd)",213848553740341,213848553742344,0,4690.000000,1088.000000,1682.000000,4096.000000,32768.000000,32768.000000
77,8,1,43717,43717,16384,256,0,0,8,0,16,64,"bitonic_sort_kernel(unsigned int*, unsigned int, unsigned int, bool) (.kd)",213848554062301,213848554064384,0,4718.000000,1088.000000,1710.000000,4096.000000,32768.000000,32768.000000
78,8,1,43717,43717,16384,256,0,0,8,0,16,64,"bitonic_sort_kernel(unsigned int*, unsigned int, unsigned int, bool) (.kd)",213848554395237,213848554397280,0,2628.000000,1088.000000,1668.000000,2048.000000,8192.000000,8192.000000
79,8,1,43717,43717,16384,256,0,0,8,0,16,64,"bitonic_sort_kernel(unsigned int*, unsigned int, unsigned int, bool) (.kd)",213848554718439,213848554720522,0,2628.000000,1088.000000,1668.000000,2048.000000,8192.000000,8192.000000
80,8,1,43717,43717,16384,256,0,0,8,0,16,64,"bitonic_sort_kernel(unsigned int*, unsigned int, unsigned int, bool) (.kd)",213848555044925,213848555046888,0,2684.000000,1088.000000,1724.000000,2048.000000,8192.000000,8192.000000
81,8,1,43717,43717,16384,256,0,0,8,0,16,64,"bitonic_sort_kernel(unsigned int*, unsigned int, unsigned int, bool) (.kd)",213848555364441,213848555366484,0,2670.000000,1088.000000,1710.000000,2048.000000,8192.000000,8192.000000
82,8,1,43717,43717,16384,256,0,0,8,0,16,64,"bitonic_sort_kernel(unsigned int*, unsigned int, unsigned int, bool) (.kd)",213848555703867,213848555705950,0,2698.000000,1088.000000,1738.000000,2048.000000,8192.000000,8192.000000
83,8,1,43717,43717,16384,256,0,0,8,0,16,64,"bitonic_sort_kernel(unsigned int*, unsigned int, unsigned int, bool) (.kd)",213848556030433,213848556032396,0,2698.000000,1088.000000,1738.000000,2048.000000,8192.000000,8192.000000
84,8,1,43717,43717,16384,256,0,0,8,0,16,64,"bitonic_sort_kernel(unsigned int*, unsigned int, unsigned int, bool) (.kd)",213848556371301,213848556373304,0,2698.000000,1088.000000,1738.000000,2048.000000,8192.000000,8192.000000
85,8,1,43717,43717,16384,256,0,0,8,0,16,64,"bitonic_sort_kernel(unsigned int*, unsigned int, unsigned int, bool) (.kd)",213848556698268,213848556700271,0,2642.000000,1088.000000,1682.000000,2048.000000,8192.000000,8192.000000
86,8,1,43717,43717,16384,256,0,0,8,0,16,64,"bitonic_sort_kernel(unsigned int*, unsigned int, unsigned int, bool) (.kd)",213848557037534,213848557039617,0,2670.000000,1088.000000,1710.000000,2048.000000,8192.000000,8192.000000
87,8,1,43717,43717,16384,256,0,0,8,0,16,64,"bitonic_sort_kernel(unsigned int*, unsigned int, unsigned int, bool) (.kd)",213848557356168,213848557358251,0,4676.000000,1088.000000,1668.000000,4096.000000,8192.000000,8192.000000
88,8,1,43717,43717,16384,256,0,0,8,0,16,64,"bitonic_sort_kernel(unsigned int*, unsigned int, unsigned int, bool) (.kd)",213848557688383,213848557690426,0,4676.000000,1088.000000,1668.000000,4096.000000,8192.000000,8192.000000
89,8,1,43717,43717,16384,256,0,0,8,0,16,64,"bitonic_sort_kernel(unsigned int*, unsigned int, unsigned int, bool) (.kd)",213848558011424,213848558013508,0,4732.000000,1088.000000,1724.000000,4096.000000,32768.000000,32768.000000
90,8,1,43717,43717,16384,256,0,0,8,0,16,64,"bitonic_sort_kernel(unsigned int*, unsigned int, unsigned int, bool) (.kd)",213848558345803,213848558347765,0,4718.000000,1088.000000,1710.000000,4096.000000,32768.000000,32768.000000
91,8,1,43717,43717,16384,256,0,0,8,0,16,64,"bitonic_sort_kernel(unsigned int*, unsigned int, unsigned int, bool) (.kd)",213848558666400,213848558668644,0,2698.000000,1088.000000,1738.000000,2048.000000,8192.000000,8192.000000
92,8,1,43717,43717,16384,256,0,0,8,0,16,64,"bitonic_sort_kernel(unsigned int*, unsigned int, unsigned int, bool) (.kd)",213848558997413,213848558999617,0,2698.000000,1088.000000,1738.000000,2048.000000,8192.000000,8192.000000
93,8,1,43717,43717,16384,256,0,0,8,0,16,64,"bitonic_sort_kernel(unsigned int*, unsigned int, unsigned int, bool) (.kd)",213848559318412,213848559320655,0,2698.000000,1088.000000,1738.000000,2048.000000,8192.000000,8192.000000
94,8,1,43717,43717,16384,256,0,0,8,0,16,64,"bitonic_sort_kernel(unsigned int*, unsigned int, unsigned int, bool) (.kd)",213848559654953,213848559657036,0,2642.000000,1088.000000,1682.000000,2048.000000,8192.000000,8192.000000
95,8,1,43717,43717,16384,256,0,0,8,0,16,64,"bitonic_sort_kernel(unsigned int*, unsigned int, unsigned int, bool) (.kd)",213848559974028,213848559976111,0,2670.000000,1088.000000,1710.000000,2048.000000,8192.000000,8192.000000
96,8,1,43717,43717,16384,256,0,0,8,0,16,64,"bitonic_sort_kernel(unsigned int*, unsigned int, unsigned int, bool) (.kd)",213848560306283,213848560308406,0,2628.000000,1088.000000,1668.000000,2048.000000,8192.000000,8192.000000
97,8,1,43717,43717,16384,256,0,0,8,0,16,64,"bitonic_sort_kernel(unsigned int*, unsigned int, unsigned int, bool) (.kd)",213848560625959,213848560628083,0,2628.000000,1088.000000,1668.000000,2048.000000,8192.000000,8192.000000
98,8,1,43717,43717,16384,256,0,0,8,0,16,64,"bitonic_sort_kernel(unsigned int*, unsigned int, unsigned int, bool) (.kd)",213848560960418,213848560962541,0,2684.000000,1088.000000,1724.000000,2048.000000,8192.000000,8192.000000
99,8,1,43717,43717,16384,256,0,0,8,0,16,64,"bitonic_sort_kernel(unsigned int*, unsigned int, unsigned int, bool) (.kd)",213848561289348,213848561291431,0,2670.000000,1088.000000,1710.000000,2048.000000,8192.000000,8192.000000
100,8,1,43717,43717,16384,256,0,0,8,0,16,64,"bitonic_sort_kernel(unsigned int*, unsigned int, unsigned int, bool) (.kd)",213848561619440,213848561621443,0,2698.000000,1088.000000,1738.000000,2048.000000,8192.000000,8192.000000
101,8,1,43717,43717,16384,256,0,0,8,0,16,64,"bitonic_sort_kernel(unsigned int*, unsigned int, unsigned int, bool) (.kd)",213848561946687,213848561948770,0,4746.000000,1088.000000,1738.000000,4096.000000,8192.000000,8192.000000
102,8,1,43717,43717,16384,256,0,0,8,0,16,64,"bitonic_sort_kernel(unsigned int*, unsigned int, unsigned int, bool) (.kd)",213848562280785,213848562282948,0,4746.000000,1088.000000,1738.000000,4096.000000,8192.000000,8192.000000
103,8,1,43717,43717,16384,256,0,0,8,0,16,64,"bitonic_sort_kernel(unsigned int*, unsigned int, unsigned int, bool) (.kd)",213848562602504,213848562604707,0,4690.000000,1088.000000,1682.000000,4096.000000,32768.000000,32768.000000
104,8,1,43717,43717,16384,256,0,0,8,0,16,64,"bitonic_sort_kernel(unsigned int*, unsigned int, unsigned int, bool) (.kd)",213848562934839,213848562936962,0,4718.000000,1088.000000,1710.000000,4096.000000,32768.000000,32768.000000
105,8,1,43717,43717,16384,256,0,0,8,0,16,64,"bitonic_sort_kernel(unsigned int*, unsigned int, unsigned int, bool) (.kd)",213848563256518,213848563258802,0,2628.000000,1088.000000,1668.000000,2048.000000,8192.000000,8192.000000
106,8,1,43717,43717,16384,256,0,0,8,0,16,64,"bitonic_sort_kernel(unsigned int*, unsigned int, unsigned int, bool) (.kd)",213848563589655,213848563591938,0,2628.000000,1088.000000,1668.000000,2048.000000,8192.000000,8192.000000
107,8,1,43717,43717,16384,256,0,0,8,0,16,64,"bitonic_sort_kernel(unsigned int*, unsigned int, unsigned int, bool) (.kd)",213848563914178,213848563916381,0,2684.000000,1088.000000,1724.000000,2048.000000,8192.000000,8192.000000
108,8,1,43717,43717,16384,256,0,0,8,0,16,64,"bitonic_sort_kernel(unsigned int*, unsigned int, unsigned int, bool) (.kd)",213848564236458,213848564238702,0,2670.000000,1088.000000,1710.000000,2048.000000,8192.000000,8192.000000
109,8,1,43717,43717,16384,256,0,0,8,0,16,64,"bitonic_sort_kernel(unsigned int*, unsigned int, unsigned int, bool) (.kd)",213848564555574,213848564557537,0,2698.000000,1088.000000,1738.000000,2048.000000,8192.000000,8192.000000
110,8,1,43717,43717,16384,256,0,0,8,0,16,64,"bitonic_sort_kernel(unsigned int*, unsigned int, unsigned int, bool) (.kd)",213848564885545,213848564887588,0,2698.000000,1088.000000,1738.000000,2048.000000,8192.000000,8192.000000
111,8,1,43717,43717,16384,256,0,0,8,0,16,64,"bitonic_sort_kernel(unsigned int*, unsigned int, unsigned int, bool) (.kd)",213848565206303,213848565208346,0,2698.000000,1088.000000,1738.000000,2048.000000,8192.000000,8192.000000
112,8,1,43717,43717,16384,256,0,0,8,0,16,64,"bitonic_sort_kernel(unsigned int*, unsigned int, unsigned int, bool) (.kd)",213848565537116,213848565539159,0,2642.000000,1088.000000,1682.000000,2048.000000,8192.000000,8192.000000
113,8,1,43717,43717,16384,256,0,0,8,0,16,64,"bitonic_sort_kernel(unsigned int*, unsigned int, unsigned int, bool) (.kd)",213848565861519,213848565863602,0,2670.000000,1088.000000,1710.000000,2048.000000,8192.000000,8192.000000
114,8,1,43717,43717,16384,256,0,0,8,0,16,64,"bitonic_sort_kernel(unsigned int*, unsigned int, unsigned int, bool) (.kd)",213848566195256,213848566197259,0,2628.000000,1088.000000,1668.000000,2048.000000,8192.000000,8192.000000
115,8,1,43717,43717,16384,256,0,0,8,0,16,64,"bitonic_sort_kernel(unsigned int*, unsigned int, unsigned int, bool) (.kd)",213848566518859,213848566520902,0,2628.000000,1088.000000,1668.000000,2048.000000,8192.000000,8192.000000
116,8,1,43717,43717,16384,256,0,0,8,0,16,64,"bitonic_sort_kernel(unsigned int*, unsigned int, unsigned int, bool) (.kd)",213848566847989,213848566850072,0,4732.000000,1088.000000,1724.000000,4096.000000,8192.000000,8192.000000
117,8,1,43717,43717,16384,256,0,0,8,0,16,64,"bitonic_sort_kernel(unsigned int*, unsigned int, unsigned int, bool) (.kd)",213848567176799,213848567178842,0,4718.000000,1088.000000,1710.000000,4096.000000,8192.000000,8192.000000
118,8,1,43717,43717,16384,256,0,0,8,0,16,64,"bitonic_sort_kernel(unsigned int*, unsigned int, unsigned int, bool) (.kd)",213848567509895,213848567511898,0,4746.000000,1088.000000,1738.000000,4096.000000,32768.000000,32768.000000
119,8,1,43717,43717,16384,256,0,0,8,0,16,64,"bitonic_sort_kernel(unsigned int*, unsigned int, unsigned int, bool) (.kd)",213848567832455,213848567834539,0,4746.000000,1088.000000,1738.000000,4096.000000,32768.000000,32768.000000
